casa,compra,venta,fecha
tarjeta,102.29,178.68,2022-01-01
tarjeta,102.29,178.68,2022-01-02
tarjeta,102.48,178.99,2022-01-03
tarjeta,102.61,179.21,2022-01-04
tarjeta,102.63,179.24,2022-01-05
tarjeta,102.72,179.39,2022-01-06
tarjeta,102.86,179.62,2022-01-07
tarjeta,102.86,179.62,2022-01-08
tarjeta,102.86,179.62,2022-01-09
tarjeta,102.96,179.78,2022-01-10
tarjeta,102.97,179.8,2022-01-11
tarjeta,103.05,179.93,2022-01-12
tarjeta,103.11,180.03,2022-01-13
tarjeta,103.21,180.2,2022-01-14
tarjeta,103.21,180.2,2022-01-15
tarjeta,103.21,180.2,2022-01-16
tarjeta,103.46,180.61,2022-01-17
tarjeta,103.64,180.91,2022-01-18
tarjeta,103.64,180.91,2022-01-19
tarjeta,103.71,181.02,2022-01-20
tarjeta,103.79,181.15,2022-01-21
tarjeta,103.79,181.15,2022-01-22
tarjeta,103.79,181.15,2022-01-23
tarjeta,104.08,181.63,2022-01-24
tarjeta,104.08,181.63,2022-01-25
tarjeta,104.15,181.75,2022-01-26
tarjeta,104.5,182.32,2022-01-27
tarjeta,104.68,182.62,2022-01-28
tarjeta,104.68,182.62,2022-01-29
tarjeta,104.68,182.62,2022-01-30
tarjeta,104.71,182.67,2022-01-31
tarjeta,104.91,183.0,2022-02-01
tarjeta,104.75,182.74,2022-02-02
tarjeta,104.92,183.02,2022-02-03
tarjeta,105.37,183.76,2022-02-04
tarjeta,105.37,183.76,2022-02-05
tarjeta,105.37,183.76,2022-02-06
tarjeta,105.46,183.91,2022-02-07
tarjeta,105.49,183.96,2022-02-08
tarjeta,105.52,184.01,2022-02-09
tarjeta,105.61,184.16,2022-02-10
tarjeta,105.67,184.26,2022-02-11
tarjeta,105.67,184.26,2022-02-12
tarjeta,105.67,184.26,2022-02-13
tarjeta,106.01,184.82,2022-02-14
tarjeta,106.17,185.08,2022-02-15
tarjeta,106.21,185.15,2022-02-16
tarjeta,106.24,185.2,2022-02-17
tarjeta,106.48,185.59,2022-02-18
tarjeta,106.48,185.59,2022-02-19
tarjeta,106.48,185.59,2022-02-20
tarjeta,106.71,185.97,2022-02-21
tarjeta,106.8,186.12,2022-02-22
tarjeta,106.83,186.17,2022-02-23
tarjeta,106.89,186.27,2022-02-24
tarjeta,106.95,186.37,2022-02-25
tarjeta,106.95,186.37,2022-02-26
tarjeta,106.95,186.37,2022-02-27
tarjeta,106.95,186.37,2022-02-28
tarjeta,106.95,186.37,2022-03-01
tarjeta,107.33,186.99,2022-03-02
tarjeta,107.48,187.24,2022-03-03
tarjeta,107.69,187.59,2022-03-04
tarjeta,107.69,187.59,2022-03-05
tarjeta,107.69,187.59,2022-03-06
tarjeta,107.94,188.0,2022-03-07
tarjeta,108.06,188.2,2022-03-08
tarjeta,108.37,188.71,2022-03-09
tarjeta,108.38,188.73,2022-03-10
tarjeta,108.49,188.91,2022-03-11
tarjeta,108.49,188.91,2022-03-12
tarjeta,108.49,188.91,2022-03-13
tarjeta,108.72,189.29,2022-03-14
tarjeta,108.82,189.45,2022-03-15
tarjeta,108.88,189.55,2022-03-16
tarjeta,108.91,189.6,2022-03-17
tarjeta,108.93,189.63,2022-03-18
tarjeta,108.93,189.63,2022-03-19
tarjeta,108.93,189.63,2022-03-20
tarjeta,109.35,190.33,2022-03-21
tarjeta,109.42,190.44,2022-03-22
tarjeta,109.61,190.76,2022-03-23
tarjeta,109.61,190.76,2022-03-24
tarjeta,109.69,190.89,2022-03-25
tarjeta,109.69,190.89,2022-03-26
tarjeta,109.69,190.89,2022-03-27
tarjeta,110.19,191.71,2022-03-28
tarjeta,110.21,191.75,2022-03-29
tarjeta,110.31,191.91,2022-03-30
tarjeta,110.45,192.14,2022-03-31
tarjeta,110.64,192.46,2022-04-01
tarjeta,110.64,192.46,2022-04-02
tarjeta,110.64,192.46,2022-04-03
tarjeta,111.02,193.08,2022-04-04
tarjeta,111.1,193.21,2022-04-05
tarjeta,111.33,193.59,2022-04-06
tarjeta,111.65,194.12,2022-04-07
tarjeta,111.69,194.19,2022-04-08
tarjeta,111.69,194.19,2022-04-09
tarjeta,111.69,194.19,2022-04-10
tarjeta,112.02,194.73,2022-04-11
tarjeta,112.1,194.86,2022-04-12
tarjeta,112.39,195.34,2022-04-13
tarjeta,112.39,195.34,2022-04-14
tarjeta,112.39,195.34,2022-04-15
tarjeta,112.39,195.34,2022-04-16
tarjeta,112.39,195.34,2022-04-17
tarjeta,112.88,196.15,2022-04-18
tarjeta,113.03,196.4,2022-04-19
tarjeta,113.16,196.61,2022-04-20
tarjeta,113.58,197.31,2022-04-21
tarjeta,113.69,197.49,2022-04-22
tarjeta,113.69,197.49,2022-04-23
tarjeta,113.69,197.49,2022-04-24
tarjeta,113.78,197.64,2022-04-25
tarjeta,114.1,198.16,2022-04-26
tarjeta,114.13,198.21,2022-04-27
tarjeta,114.29,198.48,2022-04-28
tarjeta,114.64,199.06,2022-04-29
tarjeta,114.64,199.06,2022-04-30
tarjeta,114.64,199.06,2022-05-01
tarjeta,114.97,199.6,2022-05-02
tarjeta,115.33,200.19,2022-05-03
tarjeta,115.45,200.39,2022-05-04
tarjeta,115.73,200.85,2022-05-05
tarjeta,115.97,201.25,2022-05-06
tarjeta,115.97,201.25,2022-05-07
tarjeta,115.97,201.25,2022-05-08
tarjeta,116.16,201.56,2022-05-09
tarjeta,116.32,201.83,2022-05-10
tarjeta,116.5,202.13,2022-05-11
tarjeta,116.7,202.45,2022-05-12
tarjeta,117.11,203.13,2022-05-13
tarjeta,117.11,203.13,2022-05-14
tarjeta,117.11,203.13,2022-05-15
tarjeta,117.27,203.4,2022-05-16
tarjeta,117.55,203.86,2022-05-17
tarjeta,117.55,203.86,2022-05-18
tarjeta,117.77,204.22,2022-05-19
tarjeta,117.91,204.45,2022-05-20
tarjeta,117.91,204.45,2022-05-21
tarjeta,117.91,204.45,2022-05-22
tarjeta,118.33,205.14,2022-05-23
tarjeta,118.45,205.34,2022-05-24
tarjeta,118.45,205.34,2022-05-25
tarjeta,118.62,205.62,2022-05-26
tarjeta,118.81,205.94,2022-05-27
tarjeta,118.81,205.94,2022-05-28
tarjeta,118.81,205.94,2022-05-29
tarjeta,118.81,205.94,2022-05-30
tarjeta,119.62,207.27,2022-05-31
tarjeta,119.88,207.7,2022-06-01
tarjeta,119.95,207.82,2022-06-02
tarjeta,120.41,208.58,2022-06-03
tarjeta,120.41,208.58,2022-06-04
tarjeta,120.41,208.58,2022-06-05
tarjeta,120.6,208.89,2022-06-06
tarjeta,120.65,208.97,2022-06-07
tarjeta,120.77,209.17,2022-06-08
tarjeta,121.0,209.55,2022-06-09
tarjeta,121.0,209.55,2022-06-10
tarjeta,121.0,209.55,2022-06-11
tarjeta,121.0,209.55,2022-06-12
tarjeta,121.6,210.54,2022-06-13
tarjeta,121.62,210.57,2022-06-14
tarjeta,122.03,211.25,2022-06-15
tarjeta,122.19,211.51,2022-06-16
tarjeta,122.19,211.51,2022-06-17
tarjeta,122.19,211.51,2022-06-18
tarjeta,122.19,211.51,2022-06-19
tarjeta,122.19,211.51,2022-06-20
tarjeta,122.99,212.83,2022-06-21
tarjeta,123.01,212.87,2022-06-22
tarjeta,123.11,213.03,2022-06-23
tarjeta,123.15,213.1,2022-06-24
tarjeta,123.15,213.1,2022-06-25
tarjeta,123.15,213.1,2022-06-26
tarjeta,124.07,214.62,2022-06-27
tarjeta,124.14,214.73,2022-06-28
tarjeta,123.99,214.48,2022-06-29
tarjeta,124.44,215.23,2022-06-30
tarjeta,124.69,215.64,2022-07-01
tarjeta,124.69,215.64,2022-07-02
tarjeta,124.69,215.64,2022-07-03
tarjeta,126.07,217.92,2022-07-04
tarjeta,126.54,218.69,2022-07-05
tarjeta,126.85,219.2,2022-07-06
tarjeta,127.27,219.9,2022-07-07
tarjeta,127.89,220.92,2022-07-08
tarjeta,127.89,220.92,2022-07-09
tarjeta,127.89,220.92,2022-07-10
tarjeta,128.67,222.21,2022-07-11
tarjeta,128.67,222.21,2022-07-12
tarjeta,129.15,223.0,2022-07-13
tarjeta,129.15,236.51,2022-07-14
tarjeta,129.29,236.76,2022-07-15
tarjeta,129.29,236.76,2022-07-16
tarjeta,129.29,236.76,2022-07-17
tarjeta,129.79,237.63,2022-07-18
tarjeta,130.08,238.14,2022-07-19
tarjeta,130.1,238.17,2022-07-20
tarjeta,130.32,238.56,2022-07-21
tarjeta,130.61,239.07,2022-07-22
tarjeta,130.61,239.07,2022-07-23
tarjeta,130.61,239.07,2022-07-24
tarjeta,131.3,240.28,2022-07-25
tarjeta,131.38,240.41,2022-07-26
tarjeta,131.58,240.77,2022-07-27
tarjeta,131.86,241.26,2022-07-28
tarjeta,131.93,241.38,2022-07-29
tarjeta,131.93,241.38,2022-07-30
tarjeta,131.93,241.38,2022-07-31
tarjeta,132.9,243.08,2022-08-01
tarjeta,133.07,243.37,2022-08-02
tarjeta,133.31,243.79,2022-08-03
tarjeta,133.86,244.76,2022-08-04
tarjeta,133.89,244.81,2022-08-05
tarjeta,133.89,244.81,2022-08-06
tarjeta,133.89,244.81,2022-08-07
tarjeta,134.49,245.86,2022-08-08
tarjeta,134.77,246.35,2022-08-09
tarjeta,134.77,246.35,2022-08-10
tarjeta,134.98,246.71,2022-08-11
tarjeta,135.5,247.63,2022-08-12
tarjeta,135.5,247.63,2022-08-13
tarjeta,135.5,247.63,2022-08-14
tarjeta,135.5,247.63,2022-08-15
tarjeta,136.41,249.22,2022-08-16
tarjeta,136.52,249.41,2022-08-17
tarjeta,136.39,249.18,2022-08-18
tarjeta,137.06,250.36,2022-08-19
tarjeta,137.06,250.36,2022-08-20
tarjeta,137.06,250.36,2022-08-21
tarjeta,138.04,252.07,2022-08-22
tarjeta,138.04,252.07,2022-08-23
tarjeta,138.29,252.51,2022-08-24
tarjeta,138.58,253.02,2022-08-25
tarjeta,138.73,253.28,2022-08-26
tarjeta,138.73,253.28,2022-08-27
tarjeta,138.73,253.28,2022-08-28
tarjeta,139.45,254.54,2022-08-29
tarjeta,139.62,254.84,2022-08-30
tarjeta,139.77,255.1,2022-08-31
tarjeta,139.86,255.26,2022-09-01
tarjeta,139.86,255.26,2022-09-02
tarjeta,139.86,255.26,2022-09-03
tarjeta,139.86,255.26,2022-09-04
tarjeta,141.05,257.34,2022-09-05
tarjeta,141.35,257.86,2022-09-06
tarjeta,141.68,258.44,2022-09-07
tarjeta,142.15,259.26,2022-09-08
tarjeta,142.42,259.73,2022-09-09
tarjeta,142.42,259.73,2022-09-10
tarjeta,142.42,259.73,2022-09-11
tarjeta,143.43,261.5,2022-09-12
tarjeta,143.52,261.66,2022-09-13
tarjeta,143.61,261.82,2022-09-14
tarjeta,143.99,262.48,2022-09-15
tarjeta,142.17,262.8,2022-09-16
tarjeta,142.17,262.8,2022-09-17
tarjeta,142.17,262.8,2022-09-18
tarjeta,142.93,264.13,2022-09-19
tarjeta,143.24,264.67,2022-09-20
tarjeta,143.56,265.23,2022-09-21
tarjeta,143.64,265.37,2022-09-22
tarjeta,144.24,266.42,2022-09-23
tarjeta,144.24,266.42,2022-09-24
tarjeta,144.24,266.42,2022-09-25
tarjeta,145.01,267.77,2022-09-26
tarjeta,145.31,268.29,2022-09-27
tarjeta,145.61,268.82,2022-09-28
tarjeta,145.9,269.32,2022-09-29
tarjeta,146.25,269.94,2022-09-30
tarjeta,146.25,269.94,2022-10-01
tarjeta,146.25,269.94,2022-10-02
tarjeta,147.33,271.83,2022-10-03
tarjeta,147.67,272.42,2022-10-04
tarjeta,147.9,272.82,2022-10-05
tarjeta,148.29,273.51,2022-10-06
tarjeta,148.29,273.51,2022-10-07
tarjeta,148.29,273.51,2022-10-08
tarjeta,148.29,273.51,2022-10-09
tarjeta,148.29,273.51,2022-10-10
tarjeta,149.76,276.08,2022-10-11
tarjeta,149.88,276.29,2022-10-12
tarjeta,150.19,276.83,2022-10-13
tarjeta,150.28,276.99,2022-10-14
tarjeta,150.28,276.99,2022-10-15
tarjeta,150.28,276.99,2022-10-16
tarjeta,151.49,279.11,2022-10-17
tarjeta,151.71,279.49,2022-10-18
tarjeta,151.94,279.89,2022-10-19
tarjeta,152.27,280.47,2022-10-20
tarjeta,152.57,281.0,2022-10-21
tarjeta,152.57,281.0,2022-10-22
tarjeta,152.57,281.0,2022-10-23
tarjeta,153.56,282.73,2022-10-24
tarjeta,154.1,283.68,2022-10-25
tarjeta,154.22,283.88,2022-10-26
tarjeta,154.3,284.03,2022-10-27
tarjeta,154.59,284.53,2022-10-28
tarjeta,154.59,284.53,2022-10-29
tarjeta,154.59,284.53,2022-10-30
tarjeta,154.89,286.81,2022-10-31
tarjeta,155.89,286.81,2022-11-01
tarjeta,156.49,287.86,2022-11-02
tarjeta,156.82,288.44,2022-11-03
tarjeta,157.15,289.01,2022-11-04
tarjeta,157.15,289.01,2022-11-05
tarjeta,157.15,289.01,2022-11-06
tarjeta,158.33,291.08,2022-11-07
tarjeta,158.79,291.88,2022-11-08
tarjeta,159.17,292.55,2022-11-09
tarjeta,159.5,293.13,2022-11-10
tarjeta,159.77,293.6,2022-11-11
tarjeta,159.77,293.6,2022-11-12
tarjeta,159.77,293.6,2022-11-13
tarjeta,160.62,295.09,2022-11-14
tarjeta,161.18,296.06,2022-11-15
tarjeta,161.6,296.8,2022-11-16
tarjeta,161.89,297.31,2022-11-17
tarjeta,162.22,297.88,2022-11-18
tarjeta,162.22,297.88,2022-11-19
tarjeta,162.22,297.88,2022-11-20
tarjeta,162.22,297.88,2022-11-21
tarjeta,163.52,300.16,2022-11-22
tarjeta,163.85,300.74,2022-11-23
tarjeta,164.24,301.42,2022-11-24
tarjeta,164.45,301.79,2022-11-25
tarjeta,164.45,301.79,2022-11-26
tarjeta,164.45,301.79,2022-11-27
tarjeta,165.66,303.9,2022-11-28
tarjeta,166.15,304.76,2022-11-29
tarjeta,165.55,305.46,2022-11-30
tarjeta,165.82,305.94,2022-12-01
tarjeta,166.24,306.67,2022-12-02
tarjeta,166.24,306.67,2022-12-03
tarjeta,166.24,306.67,2022-12-04
tarjeta,167.44,308.77,2022-12-05
tarjeta,167.59,309.03,2022-12-06
tarjeta,167.81,309.42,2022-12-07
tarjeta,167.81,309.42,2022-12-08
tarjeta,167.81,309.42,2022-12-09
tarjeta,167.81,309.42,2022-12-10
tarjeta,167.81,309.42,2022-12-11
tarjeta,169.57,312.5,2022-12-12
tarjeta,170.01,313.27,2022-12-13
tarjeta,170.22,313.63,2022-12-14
tarjeta,170.35,313.86,2022-12-15
tarjeta,170.69,314.46,2022-12-16
tarjeta,170.69,314.46,2022-12-17
tarjeta,170.69,314.46,2022-12-18
tarjeta,171.64,316.12,2022-12-19
tarjeta,171.68,316.19,2022-12-20
tarjeta,172.16,317.03,2022-12-21
tarjeta,172.36,317.38,2022-12-22
tarjeta,172.74,318.05,2022-12-23
tarjeta,172.74,318.05,2022-12-24
tarjeta,172.74,318.05,2022-12-25
tarjeta,173.91,319.44,2022-12-26
tarjeta,174.12,320.46,2022-12-27
tarjeta,174.51,321.14,2022-12-28
tarjeta,174.95,321.91,2022-12-29
tarjeta,175.64,323.12,2022-12-30
tarjeta,175.64,323.12,2022-12-31
tarjeta,175.64,323.12,2023-01-01
tarjeta,176.36,324.38,2023-01-02
tarjeta,176.99,325.48,2023-01-03
tarjeta,177.22,325.88,2023-01-04
tarjeta,177.25,325.94,2023-01-05
tarjeta,177.61,326.57,2023-01-06
tarjeta,177.61,326.57,2023-01-07
tarjeta,177.61,326.57,2023-01-08
tarjeta,178.72,328.51,2023-01-09
tarjeta,179.11,329.19,2023-01-10
tarjeta,179.21,329.37,2023-01-11
tarjeta,179.26,329.45,2023-01-12
tarjeta,179.53,329.93,2023-01-13
tarjeta,179.53,329.93,2023-01-14
tarjeta,179.53,329.93,2023-01-15
tarjeta,180.47,331.57,2023-01-16
tarjeta,180.74,332.05,2023-01-17
tarjeta,180.98,332.46,2023-01-18
tarjeta,181.2,332.85,2023-01-19
tarjeta,181.65,333.64,2023-01-20
tarjeta,181.65,333.64,2023-01-21
tarjeta,181.65,333.64,2023-01-22
tarjeta,182.68,335.44,2023-01-23
tarjeta,183.08,336.14,2023-01-24
tarjeta,183.26,336.45,2023-01-25
tarjeta,183.74,337.3,2023-01-26
tarjeta,183.74,337.3,2023-01-27
tarjeta,183.74,337.3,2023-01-28
tarjeta,183.74,337.3,2023-01-29
tarjeta,185.07,339.62,2023-01-30
tarjeta,185.36,340.13,2023-01-31
tarjeta,185.95,341.16,2023-02-01
tarjeta,186.14,341.5,2023-02-02
tarjeta,186.4,341.95,2023-02-03
tarjeta,186.4,341.95,2023-02-04
tarjeta,186.4,341.95,2023-02-05
tarjeta,187.52,343.91,2023-02-06
tarjeta,187.74,344.3,2023-02-07
tarjeta,187.93,344.63,2023-02-08
tarjeta,188.18,345.06,2023-02-09
tarjeta,188.6,345.8,2023-02-10
tarjeta,188.6,345.8,2023-02-11
tarjeta,188.6,345.8,2023-02-12
tarjeta,189.78,347.87,2023-02-13
tarjeta,190.03,348.3,2023-02-14
tarjeta,190.47,349.07,2023-02-15
tarjeta,190.7,349.47,2023-02-16
tarjeta,191.55,350.96,2023-02-17
tarjeta,191.55,350.96,2023-02-18
tarjeta,191.55,350.96,2023-02-19
tarjeta,191.55,350.96,2023-02-20
tarjeta,191.55,350.96,2023-02-21
tarjeta,192.73,353.03,2023-02-22
tarjeta,193.48,354.34,2023-02-23
tarjeta,193.88,355.04,2023-02-24
tarjeta,193.88,355.04,2023-02-25
tarjeta,193.88,355.04,2023-02-26
tarjeta,195.12,357.21,2023-02-27
tarjeta,195.39,357.68,2023-02-28
tarjeta,195.73,358.28,2023-03-01
tarjeta,196.37,359.4,2023-03-02
tarjeta,196.72,360.01,2023-03-03
tarjeta,196.72,360.01,2023-03-04
tarjeta,196.72,360.01,2023-03-05
tarjeta,197.67,361.67,2023-03-06
tarjeta,197.9,362.07,2023-03-07
tarjeta,198.22,362.63,2023-03-08
tarjeta,198.49,363.11,2023-03-09
tarjeta,198.96,363.93,2023-03-10
tarjeta,198.96,363.93,2023-03-11
tarjeta,198.96,363.93,2023-03-12
tarjeta,199.88,365.54,2023-03-13
tarjeta,200.36,366.38,2023-03-14
tarjeta,200.62,366.84,2023-03-15
tarjeta,201.21,367.87,2023-03-16
tarjeta,201.21,367.87,2023-03-17
tarjeta,201.21,367.87,2023-03-18
tarjeta,201.21,367.87,2023-03-19
tarjeta,202.85,370.74,2023-03-20
tarjeta,203.24,371.42,2023-03-21
tarjeta,203.72,372.26,2023-03-22
tarjeta,203.97,372.7,2023-03-23
tarjeta,203.97,372.7,2023-03-24
tarjeta,203.97,372.7,2023-03-25
tarjeta,203.97,372.7,2023-03-26
tarjeta,205.45,375.29,2023-03-27
tarjeta,206.03,376.3,2023-03-28
tarjeta,206.5,377.13,2023-03-29
tarjeta,206.81,377.67,2023-03-30
tarjeta,207.24,378.42,2023-03-31
tarjeta,207.24,378.42,2023-04-01
tarjeta,207.24,378.42,2023-04-02
tarjeta,208.44,380.52,2023-04-03
tarjeta,209.03,381.55,2023-04-04
tarjeta,209.77,382.85,2023-04-05
tarjeta,209.77,382.85,2023-04-06
tarjeta,209.77,382.85,2023-04-07
tarjeta,209.77,382.85,2023-04-08
tarjeta,209.77,382.85,2023-04-09
tarjeta,211.73,386.28,2023-04-10
tarjeta,212.17,387.05,2023-04-11
tarjeta,212.46,387.56,2023-04-12
tarjeta,212.62,387.84,2023-04-13
tarjeta,212.77,388.1,2023-04-14
tarjeta,212.77,388.1,2023-04-15
tarjeta,212.77,388.1,2023-04-16
tarjeta,214.39,390.93,2023-04-17
tarjeta,214.73,391.53,2023-04-18
tarjeta,215.55,392.96,2023-04-19
tarjeta,216.21,394.12,2023-04-20
tarjeta,216.58,394.77,2023-04-21
tarjeta,216.58,394.77,2023-04-22
tarjeta,216.58,394.77,2023-04-23
tarjeta,217.94,397.14,2023-04-24
tarjeta,218.68,398.44,2023-04-25
tarjeta,219.43,399.75,2023-04-26
tarjeta,220.12,400.96,2023-04-27
tarjeta,220.63,401.85,2023-04-28
tarjeta,220.63,401.85,2023-04-29
tarjeta,220.63,401.85,2023-04-30
tarjeta,220.63,401.85,2023-05-01
tarjeta,223.09,406.16,2023-05-02
tarjeta,223.88,407.54,2023-05-03
tarjeta,224.72,409.01,2023-05-04
tarjeta,226.98,412.96,2023-05-05
tarjeta,226.98,412.96,2023-05-06
tarjeta,226.98,412.96,2023-05-07
tarjeta,229.18,416.81,2023-05-08
tarjeta,229.89,418.06,2023-05-09
tarjeta,230.59,419.28,2023-05-10
tarjeta,230.59,419.28,2023-05-11
tarjeta,231.07,420.12,2023-05-12
tarjeta,231.07,420.12,2023-05-13
tarjeta,231.07,420.12,2023-05-14
tarjeta,231.39,422.43,2023-05-15
tarjeta,232.37,424.15,2023-05-16
tarjeta,232.65,424.64,2023-05-17
tarjeta,233.02,425.29,2023-05-18
tarjeta,233.59,426.28,2023-05-19
tarjeta,233.59,426.28,2023-05-20
tarjeta,233.59,426.28,2023-05-21
tarjeta,235.02,428.79,2023-05-22
tarjeta,235.53,429.68,2023-05-23
tarjeta,236.59,431.53,2023-05-24
tarjeta,236.59,431.53,2023-05-25
tarjeta,236.59,431.53,2023-05-26
tarjeta,236.59,431.53,2023-05-27
tarjeta,236.59,431.53,2023-05-28
tarjeta,238.68,435.19,2023-05-29
tarjeta,239.79,437.13,2023-05-30
tarjeta,240.37,438.15,2023-05-31
tarjeta,241.43,440.0,2023-06-01
tarjeta,241.99,440.98,2023-06-02
tarjeta,241.99,440.98,2023-06-03
tarjeta,241.99,440.98,2023-06-04
tarjeta,243.83,444.2,2023-06-05
tarjeta,244.7,445.72,2023-06-06
tarjeta,245.36,446.88,2023-06-07
tarjeta,246.91,449.59,2023-06-08
tarjeta,247.33,450.33,2023-06-09
tarjeta,247.33,450.33,2023-06-10
tarjeta,247.33,450.33,2023-06-11
tarjeta,247.33,450.33,2023-06-12
tarjeta,249.13,453.48,2023-06-13
tarjeta,249.85,454.74,2023-06-14
tarjeta,250.92,456.61,2023-06-15
tarjeta,251.59,457.78,2023-06-16
tarjeta,251.59,457.78,2023-06-17
tarjeta,251.59,457.78,2023-06-18
tarjeta,251.59,457.78,2023-06-19
tarjeta,251.59,457.78,2023-06-20
tarjeta,254.24,462.42,2023-06-21
tarjeta,255.31,464.29,2023-06-22
tarjeta,255.68,464.94,2023-06-23
tarjeta,255.68,464.94,2023-06-24
tarjeta,255.68,464.94,2023-06-25
tarjeta,257.22,467.64,2023-06-26
tarjeta,258.09,469.16,2023-06-27
tarjeta,258.09,469.16,2023-06-28
tarjeta,259.24,471.17,2023-06-29
tarjeta,260.16,472.78,2023-06-30
tarjeta,260.16,472.78,2023-07-01
tarjeta,260.16,472.78,2023-07-02
tarjeta,261.55,475.21,2023-07-03
tarjeta,262.06,476.11,2023-07-04
tarjeta,263.32,478.31,2023-07-05
tarjeta,263.71,478.99,2023-07-06
tarjeta,264.39,480.18,2023-07-07
tarjeta,264.39,480.18,2023-07-08
tarjeta,264.39,480.18,2023-07-09
tarjeta,265.81,482.67,2023-07-10
tarjeta,266.53,483.93,2023-07-11
tarjeta,266.89,484.56,2023-07-12
tarjeta,267.77,486.1,2023-07-13
tarjeta,268.47,487.32,2023-07-14
tarjeta,268.47,487.32,2023-07-15
tarjeta,268.47,487.32,2023-07-16
tarjeta,270.32,490.56,2023-07-17
tarjeta,270.59,491.03,2023-07-18
tarjeta,271.35,492.36,2023-07-19
tarjeta,271.66,492.91,2023-07-20
tarjeta,272.54,494.45,2023-07-21
tarjeta,272.54,494.45,2023-07-22
tarjeta,272.54,494.45,2023-07-23
tarjeta,274.37,497.65,2023-07-24
tarjeta,274.65,498.14,2023-07-25
tarjeta,275.2,499.1,2023-07-26
tarjeta,275.8,500.15,2023-07-27
tarjeta,276.56,501.48,2023-07-28
tarjeta,276.56,501.48,2023-07-29
tarjeta,276.56,501.48,2023-07-30
tarjeta,277.92,503.86,2023-07-31
tarjeta,279.17,506.05,2023-08-01
tarjeta,280.27,507.97,2023-08-02
tarjeta,281.33,509.83,2023-08-03
tarjeta,282.2,511.35,2023-08-04
tarjeta,282.2,511.35,2023-08-05
tarjeta,282.2,511.35,2023-08-06
tarjeta,285.25,516.69,2023-08-07
tarjeta,286.52,518.91,2023-08-08
tarjeta,287.82,521.18,2023-08-09
tarjeta,288.81,522.92,2023-08-10
tarjeta,290.01,525.02,2023-08-11
tarjeta,290.01,525.02,2023-08-12
tarjeta,290.01,525.02,2023-08-13
tarjeta,356.18,640.82,2023-08-14
tarjeta,356.63,641.6,2023-08-15
tarjeta,356.89,642.06,2023-08-16
tarjeta,356.55,641.46,2023-08-17
tarjeta,356.57,641.5,2023-08-18
tarjeta,356.57,641.5,2023-08-19
tarjeta,356.57,641.5,2023-08-20
tarjeta,356.57,641.5,2023-08-21
tarjeta,357.03,642.3,2023-08-22
tarjeta,357.11,642.44,2023-08-23
tarjeta,357.37,642.9,2023-08-24
tarjeta,357.0,642.25,2023-08-25
tarjeta,357.0,642.25,2023-08-26
tarjeta,357.0,642.25,2023-08-27
tarjeta,357.0,642.25,2023-08-28
tarjeta,356.99,642.23,2023-08-29
tarjeta,357.09,642.41,2023-08-30
tarjeta,356.63,641.6,2023-08-31
tarjeta,347.02,642.28,2023-09-01
tarjeta,347.02,642.28,2023-09-02
tarjeta,347.02,642.28,2023-09-03
tarjeta,347.01,642.27,2023-09-04
tarjeta,347.01,642.27,2023-09-05
tarjeta,347.01,642.27,2023-09-06
tarjeta,347.01,642.27,2023-09-07
tarjeta,347.01,642.27,2023-09-08
tarjeta,347.01,642.27,2023-09-09
tarjeta,347.01,642.27,2023-09-10
tarjeta,347.02,642.28,2023-09-11
tarjeta,346.73,641.78,2023-09-12
tarjeta,346.72,641.76,2023-09-13
tarjeta,347.09,642.41,2023-09-14
tarjeta,347.0,642.25,2023-09-15
tarjeta,347.0,642.25,2023-09-16
tarjeta,347.0,642.25,2023-09-17
tarjeta,347.09,642.41,2023-09-18
tarjeta,346.64,641.62,2023-09-19
tarjeta,347.0,642.25,2023-09-20
tarjeta,347.09,642.41,2023-09-21
tarjeta,347.01,642.27,2023-09-22
tarjeta,347.01,642.27,2023-09-23
tarjeta,347.01,642.27,2023-09-24
tarjeta,346.98,642.22,2023-09-25
tarjeta,346.98,642.22,2023-09-26
tarjeta,346.64,641.62,2023-09-27
tarjeta,347.0,642.25,2023-09-28
tarjeta,347.0,642.25,2023-09-29
tarjeta,347.0,642.25,2023-09-30
tarjeta,347.0,642.25,2023-10-01
tarjeta,347.0,642.43,2023-10-02
tarjeta,347.0,642.25,2023-10-03
tarjeta,347.09,642.41,2023-10-04
tarjeta,347.09,642.41,2023-10-05
tarjeta,347.02,642.28,2023-10-06
tarjeta,347.02,642.28,2023-10-07
tarjeta,347.02,642.28,2023-10-08
tarjeta,347.18,642.57,2023-10-09
tarjeta,347.18,734.36,2023-10-10
tarjeta,347.0,734.0,2023-10-11
tarjeta,347.46,734.92,2023-10-12
tarjeta,347.46,734.92,2023-10-13
tarjeta,347.46,734.92,2023-10-14
tarjeta,347.46,734.92,2023-10-15
tarjeta,347.46,734.92,2023-10-16
tarjeta,347.59,735.18,2023-10-17
tarjeta,347.59,735.18,2023-10-18
tarjeta,347.17,734.34,2023-10-19
tarjeta,348.03,736.06,2023-10-20
tarjeta,348.03,736.06,2023-10-21
tarjeta,348.03,736.06,2023-10-22
tarjeta,347.91,735.82,2023-10-23
tarjeta,347.93,735.86,2023-10-24
tarjeta,347.72,735.44,2023-10-25
tarjeta,348.1,736.2,2023-10-26
tarjeta,347.93,735.86,2023-10-27
tarjeta,347.93,735.86,2023-10-28
tarjeta,347.93,735.86,2023-10-29
tarjeta,347.88,735.76,2023-10-30
tarjeta,347.94,735.88,2023-10-31
tarjeta,347.94,735.88,2023-11-01
tarjeta,347.93,735.86,2023-11-02
tarjeta,348.05,736.1,2023-11-03
tarjeta,348.05,736.1,2023-11-04
tarjeta,348.05,736.1,2023-11-05
tarjeta,348.05,736.1,2023-11-06
tarjeta,348.05,736.1,2023-11-07
tarjeta,886.12,932.02,2023-11-08
tarjeta,886.12,932.02,2023-11-09
tarjeta,886.12,932.02,2023-11-10
tarjeta,886.12,932.02,2023-11-11
tarjeta,886.12,932.02,2023-11-12
tarjeta,886.12,932.02,2023-11-13
tarjeta,886.12,932.02,2023-11-14
tarjeta,893.77,939.67,2023-11-15
tarjeta,895.05,940.95,2023-11-16
tarjeta,896.32,942.22,2023-11-17
tarjeta,896.32,942.22,2023-11-18
tarjeta,896.32,942.22,2023-11-19
tarjeta,896.32,942.22,2023-11-20
tarjeta,901.42,947.32,2023-11-21
tarjeta,902.7,948.6,2023-11-22
tarjeta,903.97,949.87,2023-11-23
tarjeta,905.25,951.15,2023-11-24
tarjeta,905.25,951.15,2023-11-25
tarjeta,905.25,951.15,2023-11-26
tarjeta,909.07,954.97,2023-11-27
tarjeta,910.35,956.25,2023-11-28
tarjeta,911.62,957.52,2023-11-29
tarjeta,912.9,958.8,2023-11-30
tarjeta,914.17,960.07,2023-12-01
tarjeta,914.17,960.07,2023-12-02
tarjeta,914.17,960.07,2023-12-03
tarjeta,918.0,963.9,2023-12-04
tarjeta,919.27,965.17,2023-12-05
tarjeta,920.55,966.45,2023-12-06
tarjeta,975.37,1021.27,2023-12-07
tarjeta,975.37,1021.27,2023-12-08
tarjeta,975.37,1021.27,2023-12-09
tarjeta,975.37,1021.27,2023-12-10
tarjeta,932.02,1021.27,2023-12-11
tarjeta,932.02,1021.27,2023-12-12
tarjeta,1248.99,1312.99,2023-12-13
tarjeta,1248.99,1312.99,2023-12-14
tarjeta,1249.6,1313.6,2023-12-15
tarjeta,1249.6,1313.6,2023-12-16
tarjeta,1249.6,1313.6,2023-12-17
tarjeta,1252.0,1316.0,2023-12-18
tarjeta,1252.8,1316.8,2023-12-19
tarjeta,1253.6,1317.6,2023-12-20
tarjeta,1254.4,1318.4,2023-12-21
tarjeta,1255.2,1319.2,2023-12-22
tarjeta,1255.2,1319.2,2023-12-23
tarjeta,1255.2,1319.2,2023-12-24
tarjeta,1255.2,1319.2,2023-12-25
tarjeta,1258.8,1322.8,2023-12-26
tarjeta,1259.6,1323.6,2023-12-27
tarjeta,1260.4,1324.4,2023-12-28
tarjeta,1261.2,1325.2,2023-12-29
tarjeta,1261.2,1325.2,2023-12-30
tarjeta,1261.2,1325.2,2023-12-31
tarjeta,1261.2,1325.2,2024-01-01
tarjeta,1264.4,1328.4,2024-01-02
tarjeta,1265.6,1329.6,2024-01-03
tarjeta,1266.4,1330.4,2024-01-04
tarjeta,1267.2,1331.2,2024-01-05
tarjeta,1267.2,1331.2,2024-01-06
tarjeta,1267.2,1331.2,2024-01-07
tarjeta,1269.6,1333.6,2024-01-08
tarjeta,1270.4,1334.4,2024-01-09
tarjeta,1271.2,1335.2,2024-01-10
tarjeta,1272.0,1336.0,2024-01-11
tarjeta,1272.8,1336.8,2024-01-12
tarjeta,1272.8,1336.8,2024-01-13
tarjeta,1272.8,1336.8,2024-01-14
tarjeta,1275.6,1339.6,2024-01-15
tarjeta,1276.4,1340.4,2024-01-16
tarjeta,1277.2,1341.2,2024-01-17
tarjeta,1278.0,1342.0,2024-01-18
tarjeta,1278.8,1342.8,2024-01-19
tarjeta,1278.8,1342.8,2024-01-20
tarjeta,1278.8,1342.8,2024-01-21
tarjeta,1281.2,1345.2,2024-01-22
tarjeta,1282.0,1346.0,2024-01-23
tarjeta,1282.8,1346.8,2024-01-24
tarjeta,1283.6,1347.6,2024-01-25
tarjeta,1284.4,1348.4,2024-01-26
tarjeta,1284.4,1348.4,2024-01-27
tarjeta,1284.4,1348.4,2024-01-28
tarjeta,1287.2,1351.2,2024-01-29
tarjeta,1288.0,1352.0,2024-01-30
tarjeta,1288.8,1352.8,2024-01-31
tarjeta,1289.6,1353.6,2024-02-01
tarjeta,1290.4,1354.4,2024-02-02
tarjeta,1290.4,1354.4,2024-02-03
tarjeta,1290.4,1354.4,2024-02-04
tarjeta,1292.8,1356.8,2024-02-05
tarjeta,1293.6,1357.6,2024-02-06
tarjeta,1294.4,1358.4,2024-02-07
tarjeta,1295.2,1359.2,2024-02-08
tarjeta,1296.0,1360.0,2024-02-09
tarjeta,1296.0,1360.0,2024-02-10
tarjeta,1296.0,1360.0,2024-02-11
tarjeta,1296.0,1360.0,2024-02-12
tarjeta,1296.0,1360.0,2024-02-13
tarjeta,1300.8,1364.8,2024-02-14
tarjeta,1301.6,1365.6,2024-02-15
tarjeta,1302.4,1366.4,2024-02-16
tarjeta,1302.4,1366.4,2024-02-17
tarjeta,1302.4,1366.4,2024-02-18
tarjeta,1304.8,1368.8,2024-02-19
tarjeta,1305.6,1369.6,2024-02-20
tarjeta,1306.4,1370.4,2024-02-21
tarjeta,1307.2,1371.2,2024-02-22
tarjeta,1308.0,1372.0,2024-02-23
tarjeta,1308.0,1372.0,2024-02-24
tarjeta,1308.0,1372.0,2024-02-25
tarjeta,1311.2,1375.2,2024-02-26
tarjeta,1312.0,1376.0,2024-02-27
tarjeta,1312.8,1376.8,2024-02-28
tarjeta,1313.6,1377.6,2024-02-29
tarjeta,1314.4,1378.4,2024-03-01
tarjeta,1314.4,1378.4,2024-03-02
tarjeta,1314.4,1378.4,2024-03-03
tarjeta,1316.8,1380.8,2024-03-04
tarjeta,1318.4,1382.4,2024-03-05
tarjeta,1319.2,1383.2,2024-03-06
tarjeta,1320.0,1384.0,2024-03-07
tarjeta,1320.8,1384.8,2024-03-08
tarjeta,1320.8,1384.8,2024-03-09
tarjeta,1320.8,1384.8,2024-03-10
tarjeta,1323.2,1387.2,2024-03-11
tarjeta,1324.0,1388.0,2024-03-12
tarjeta,1325.6,1389.6,2024-03-13
tarjeta,1326.4,1390.4,2024-03-14
tarjeta,1327.2,1391.2,2024-03-15
tarjeta,1327.2,1391.2,2024-03-16
tarjeta,1327.2,1391.2,2024-03-17
tarjeta,1329.6,1393.6,2024-03-18
tarjeta,1330.4,1394.4,2024-03-19
tarjeta,1331.2,1395.2,2024-03-20
tarjeta,1332.0,1396.0,2024-03-21
tarjeta,1333.6,1397.6,2024-03-22
tarjeta,1333.6,1397.6,2024-03-23
tarjeta,1333.6,1397.6,2024-03-24
tarjeta,1336.0,1400.0,2024-03-25
tarjeta,1336.8,1400.8,2024-03-26
tarjeta,1337.6,1401.6,2024-03-27
tarjeta,1337.6,1401.6,2024-03-28
tarjeta,1337.6,1401.6,2024-03-29
tarjeta,1337.6,1401.6,2024-03-30
tarjeta,1337.6,1401.6,2024-03-31
tarjeta,1337.6,1401.6,2024-04-01
tarjeta,1337.6,1401.6,2024-04-02
tarjeta,1344.0,1408.0,2024-04-03
tarjeta,1344.8,1408.8,2024-04-04
tarjeta,1346.4,1410.4,2024-04-05
tarjeta,1346.4,1410.4,2024-04-06
tarjeta,1346.4,1410.4,2024-04-07
tarjeta,1348.8,1412.8,2024-04-08
tarjeta,1349.6,1413.6,2024-04-09
tarjeta,1349.6,1413.6,2024-04-10
tarjeta,1415.2,1415.2,2024-04-11
tarjeta,1416.8,1416.8,2024-04-12
tarjeta,1416.8,1416.8,2024-04-13
tarjeta,1416.8,1416.8,2024-04-14
tarjeta,1355.2,1419.2,2024-04-15
tarjeta,1420.0,1420.0,2024-04-16
tarjeta,1420.8,1420.8,2024-04-17
tarjeta,1421.6,1421.6,2024-04-18
tarjeta,1424.0,1424.0,2024-04-19
tarjeta,1424.0,1424.0,2024-04-20
tarjeta,1424.0,1424.0,2024-04-21
tarjeta,1427.2,1427.2,2024-04-22
tarjeta,1427.2,1427.2,2024-04-23
tarjeta,1428.0,1428.0,2024-04-24
tarjeta,1428.8,1428.8,2024-04-25
tarjeta,1366.4,1430.4,2024-04-26
tarjeta,1430.4,1430.4,2024-04-27
tarjeta,1430.4,1430.4,2024-04-28
tarjeta,1432.8,1432.8,2024-04-29
tarjeta,1433.6,1433.6,2024-04-30
tarjeta,1433.6,1433.6,2024-05-01
tarjeta,1435.2,1435.2,2024-05-02
tarjeta,1436.0,1436.0,2024-05-03
tarjeta,1436.0,1436.0,2024-05-04
tarjeta,1436.0,1436.0,2024-05-05
tarjeta,1374.4,1438.4,2024-05-06
tarjeta,1375.2,1439.2,2024-05-07
tarjeta,1376.8,1440.8,2024-05-08
tarjeta,1377.6,1441.6,2024-05-09
tarjeta,1442.4,1442.4,2024-05-10
tarjeta,1442.4,1442.4,2024-05-11
tarjeta,1442.4,1442.4,2024-05-12
tarjeta,1380.8,1444.8,2024-05-13
tarjeta,1382.4,1446.4,2024-05-14
tarjeta,1447.2,1447.2,2024-05-15
tarjeta,1384.0,1448.0,2024-05-16
tarjeta,1448.8,1448.8,2024-05-17
tarjeta,1448.8,1448.8,2024-05-18
tarjeta,1448.8,1448.8,2024-05-19
tarjeta,1388.0,1452.0,2024-05-20
tarjeta,1452.8,1452.8,2024-05-21
tarjeta,1389.6,1453.6,2024-05-22
tarjeta,1454.4,1454.4,2024-05-23
tarjeta,1391.2,1455.2,2024-05-24
tarjeta,1455.2,1455.2,2024-05-25
tarjeta,1391.2,1455.2,2024-05-26
tarjeta,1394.4,1458.4,2024-05-27
tarjeta,1396.0,1460.0,2024-05-28
tarjeta,1396.8,1460.8,2024-05-29
tarjeta,1460.8,1460.8,2024-05-30
tarjeta,1462.4,1462.4,2024-05-31
tarjeta,1462.4,1462.4,2024-06-01
tarjeta,1462.4,1462.4,2024-06-02
tarjeta,1465.6,1465.6,2024-06-03
tarjeta,1466.4,1466.4,2024-06-04
tarjeta,1466.4,1466.4,2024-06-05
tarjeta,1404.8,1468.8,2024-06-06
tarjeta,1404.8,1468.8,2024-06-07
tarjeta,1468.8,1468.8,2024-06-08
tarjeta,1404.8,1468.8,2024-06-09
tarjeta,1408.8,1472.8,2024-06-10
tarjeta,1409.6,1473.6,2024-06-11
tarjeta,1410.4,1474.4,2024-06-12
tarjeta,1410.4,1474.4,2024-06-13
tarjeta,1411.2,1475.2,2024-06-14
tarjeta,1411.2,1475.2,2024-06-15
tarjeta,1411.2,1475.2,2024-06-16
tarjeta,1411.2,1475.2,2024-06-17
tarjeta,1414.4,1478.4,2024-06-18
tarjeta,1415.2,1479.2,2024-06-19
tarjeta,1415.2,1479.2,2024-06-20
tarjeta,1415.2,1479.2,2024-06-21
tarjeta,1415.2,1479.2,2024-06-22
tarjeta,1415.2,1479.2,2024-06-23
tarjeta,1419.2,1483.2,2024-06-24
tarjeta,1420.0,1484.0,2024-06-25
tarjeta,1420.8,1484.8,2024-06-26
tarjeta,1423.2,1487.2,2024-06-27
tarjeta,1424.8,1488.8,2024-06-28
tarjeta,1424.8,1488.8,2024-06-29
tarjeta,1424.8,1488.8,2024-06-30
tarjeta,1428.0,1492.0,2024-07-01
tarjeta,1428.8,1492.8,2024-07-02
tarjeta,1429.6,1493.6,2024-07-03
tarjeta,1430.4,1494.4,2024-07-04
tarjeta,1431.2,1495.2,2024-07-05
tarjeta,1431.2,1495.2,2024-07-06
tarjeta,1431.2,1495.2,2024-07-07
tarjeta,1434.4,1498.4,2024-07-08
tarjeta,1434.4,1498.4,2024-07-09
tarjeta,1436.0,1500.0,2024-07-10
tarjeta,1436.8,1500.8,2024-07-11
tarjeta,1440.0,1504.0,2024-07-12
tarjeta,1440.0,1504.0,2024-07-13
tarjeta,1440.0,1504.0,2024-07-14
tarjeta,1440.8,1504.8,2024-07-15
tarjeta,1441.6,1505.6,2024-07-16
tarjeta,1443.2,1507.2,2024-07-17
tarjeta,1444.0,1508.0,2024-07-18
tarjeta,1447.2,1511.2,2024-07-19
tarjeta,1447.2,1511.2,2024-07-20
tarjeta,1447.2,1511.2,2024-07-21
tarjeta,1449.6,1513.6,2024-07-22
tarjeta,1449.6,1513.6,2024-07-23
tarjeta,1450.4,1514.4,2024-07-24
tarjeta,1452.0,1516.0,2024-07-25
tarjeta,1456.0,1520.0,2024-07-26
tarjeta,1456.0,1520.0,2024-07-27
tarjeta,1456.0,1520.0,2024-07-28
tarjeta,1456.8,1520.8,2024-07-29
tarjeta,1457.6,1521.6,2024-07-30
tarjeta,1458.4,1522.4,2024-07-31
tarjeta,1458.4,1522.4,2024-08-01
tarjeta,1461.6,1525.6,2024-08-02
tarjeta,1461.6,1525.6,2024-08-03
tarjeta,1461.6,1525.6,2024-08-04
tarjeta,1462.4,1526.4,2024-08-05
tarjeta,1463.2,1527.2,2024-08-06
tarjeta,1464.8,1528.8,2024-08-07
tarjeta,1464.8,1528.8,2024-08-08
tarjeta,1468.0,1532.0,2024-08-09
tarjeta,1468.0,1532.0,2024-08-10
tarjeta,1468.0,1532.0,2024-08-11
tarjeta,1468.8,1532.8,2024-08-12
tarjeta,1469.6,1533.6,2024-08-13
tarjeta,1470.4,1534.4,2024-08-14
tarjeta,1472.0,1536.0,2024-08-15
tarjeta,1474.4,1538.4,2024-08-16
tarjeta,1475.2,1539.2,2024-08-17
tarjeta,1475.2,1539.2,2024-08-18
tarjeta,1476.8,1540.8,2024-08-19
tarjeta,1476.8,1540.8,2024-08-20
tarjeta,1477.6,1541.6,2024-08-21
tarjeta,1478.4,1542.4,2024-08-22
tarjeta,1481.6,1545.6,2024-08-23
tarjeta,1481.6,1545.6,2024-08-24
tarjeta,1481.6,1545.6,2024-08-25
tarjeta,1484.8,1548.8,2024-08-26
tarjeta,1487.2,1551.2,2024-08-27
tarjeta,1487.2,1551.2,2024-08-28
tarjeta,1488.0,1552.0,2024-08-29
tarjeta,1491.2,1555.2,2024-08-30
tarjeta,1491.2,1555.2,2024-08-31
tarjeta,1491.2,1555.2,2024-09-01
tarjeta,1492.8,1556.8,2024-09-02
tarjeta,1492.8,1556.8,2024-09-03
tarjeta,1493.6,1557.6,2024-09-04
tarjeta,1494.4,1558.4,2024-09-05
tarjeta,1498.4,1562.4,2024-09-06
tarjeta,1498.4,1562.4,2024-09-07
tarjeta,1498.4,1562.4,2024-09-08
tarjeta,1499.2,1563.2,2024-09-09
tarjeta,1500.8,1564.8,2024-09-10
tarjeta,1500.8,1564.8,2024-09-11
tarjeta,1501.6,1565.6,2024-09-12
tarjeta,1504.8,1568.8,2024-09-13
tarjeta,1504.8,1568.8,2024-09-14
tarjeta,1504.8,1568.8,2024-09-15
tarjeta,1507.2,1571.2,2024-09-16
tarjeta,1507.2,1571.2,2024-09-17
tarjeta,1507.2,1571.2,2024-09-18
tarjeta,1509.6,1573.6,2024-09-19
tarjeta,1512.0,1576.0,2024-09-20
tarjeta,1512.0,1576.0,2024-09-21
tarjeta,1512.0,1576.0,2024-09-22
tarjeta,1512.8,1576.8,2024-09-23
tarjeta,1513.6,1577.6,2024-09-24
tarjeta,1515.2,1579.2,2024-09-25
tarjeta,1517.6,1581.6,2024-09-26
tarjeta,1519.2,1583.2,2024-09-27
tarjeta,1519.2,1583.2,2024-09-28
tarjeta,1519.2,1583.2,2024-09-29
tarjeta,1520.0,1584.0,2024-09-30
tarjeta,1520.8,1584.8,2024-10-01
tarjeta,1521.6,1585.6,2024-10-02
tarjeta,1524.0,1588.0,2024-10-03
tarjeta,1526.4,1590.4,2024-10-04
tarjeta,1526.4,1590.4,2024-10-05
tarjeta,1526.4,1590.4,2024-10-06
tarjeta,1528.0,1592.0,2024-10-07
tarjeta,1528.8,1592.8,2024-10-08
tarjeta,1528.8,1592.8,2024-10-09
tarjeta,1533.6,1597.6,2024-10-10
tarjeta,1533.6,1597.6,2024-10-11
tarjeta,1533.6,1597.6,2024-10-12
tarjeta,1533.6,1597.6,2024-10-13
tarjeta,1535.2,1599.2,2024-10-14
tarjeta,1536.0,1600.0,2024-10-15
tarjeta,1536.8,1600.8,2024-10-16
tarjeta,1537.6,1601.6,2024-10-17
tarjeta,1542.4,1606.4,2024-10-18
tarjeta,1542.4,1606.4,2024-10-19
tarjeta,1542.4,1606.4,2024-10-20
tarjeta,1543.2,1607.2,2024-10-21
tarjeta,1543.2,1607.2,2024-10-22
tarjeta,1544.0,1608.0,2024-10-23
tarjeta,1544.8,1608.8,2024-10-24
tarjeta,1548.0,1612.0,2024-10-25
tarjeta,1548.0,1612.0,2024-10-26
tarjeta,1548.0,1612.0,2024-10-27
tarjeta,1548.8,1612.8,2024-10-28
tarjeta,1549.6,1613.6,2024-10-29
tarjeta,1551.2,1615.2,2024-10-30
tarjeta,1554.4,1618.4,2024-10-31
tarjeta,1556.8,1620.8,2024-11-01
tarjeta,1556.8,1620.8,2024-11-02
tarjeta,1556.8,1620.8,2024-11-03
tarjeta,1556.8,1620.8,2024-11-04
tarjeta,1558.4,1622.4,2024-11-05
tarjeta,1558.4,1622.4,2024-11-06
tarjeta,1559.2,1623.2,2024-11-07
tarjeta,1562.4,1626.4,2024-11-08
tarjeta,1562.4,1626.4,2024-11-09
tarjeta,1562.4,1626.4,2024-11-10
tarjeta,1564.0,1628.0,2024-11-11
tarjeta,1564.8,1628.8,2024-11-12
tarjeta,1565.6,1629.6,2024-11-13
tarjeta,1566.4,1630.4,2024-11-14
tarjeta,1571.2,1635.2,2024-11-15
tarjeta,1571.2,1635.2,2024-11-16
tarjeta,1571.2,1635.2,2024-11-17
tarjeta,1571.2,1635.2,2024-11-18
tarjeta,1572.0,1636.0,2024-11-19
tarjeta,1572.8,1636.8,2024-11-20
tarjeta,1575.2,1639.2,2024-11-21
tarjeta,1578.4,1642.4,2024-11-22
tarjeta,1578.4,1642.4,2024-11-23
tarjeta,1578.4,1642.4,2024-11-24
tarjeta,1579.2,1643.2,2024-11-25
tarjeta,1580.0,1644.0,2024-11-26
tarjeta,1580.8,1644.8,2024-11-27
tarjeta,1581.6,1645.6,2024-11-28
tarjeta,1585.6,1649.6,2024-11-29
tarjeta,1585.6,1649.6,2024-11-30
tarjeta,1585.6,1649.6,2024-12-01
tarjeta,1587.2,1651.2,2024-12-02
tarjeta,1588.0,1652.0,2024-12-03
tarjeta,1588.0,1652.0,2024-12-04
tarjeta,1588.8,1652.8,2024-12-05
tarjeta,1592.0,1656.0,2024-12-06
tarjeta,1592.0,1656.0,2024-12-07
tarjeta,1592.0,1656.0,2024-12-08
tarjeta,1593.6,1657.6,2024-12-09
tarjeta,1594.4,1658.4,2024-12-10
tarjeta,1595.2,1659.2,2024-12-11
tarjeta,1597.6,1661.6,2024-12-12
tarjeta,1600.0,1664.0,2024-12-13
tarjeta,1600.0,1664.0,2024-12-14
tarjeta,1600.0,1664.0,2024-12-15
tarjeta,1603.2,1667.2,2024-12-16
tarjeta,1604.0,1668.0,2024-12-17
tarjeta,1604.0,1668.0,2024-12-18
tarjeta,1604.0,1668.0,2024-12-19
tarjeta,1607.2,1671.2,2024-12-20
tarjeta,1607.2,1671.2,2024-12-21
tarjeta,1607.2,1671.2,2024-12-22
tarjeta,1310.4,1362.4,2024-12-23
tarjeta,1310.4,1362.4,2024-12-24
tarjeta,1310.4,1362.4,2024-12-25
tarjeta,1311.7,1363.7,2024-12-26
tarjeta,1314.3,1366.3,2024-12-27
tarjeta,1314.3,1366.3,2024-12-28
tarjeta,1314.3,1366.3,2024-12-29
tarjeta,1316.25,1368.25,2024-12-30
tarjeta,1316.25,1368.25,2024-12-31
tarjeta,1316.25,1368.25,2025-01-01
tarjeta,1316.25,1368.25,2025-01-02
tarjeta,1319.5,1371.5,2025-01-03
tarjeta,1319.5,1371.5,2025-01-04
tarjeta,1319.5,1371.5,2025-01-05
tarjeta,1319.5,1371.5,2025-01-06
tarjeta,1320.15,1372.15,2025-01-07
tarjeta,1320.8,1372.8,2025-01-08
tarjeta,1322.1,1374.1,2025-01-09
tarjeta,1324.7,1376.7,2025-01-10
tarjeta,1324.7,1376.7,2025-01-11
tarjeta,1324.7,1376.7,2025-01-12
tarjeta,1325.35,1377.35,2025-01-13
tarjeta,1326.65,1378.65,2025-01-14
tarjeta,1327.95,1379.95,2025-01-15
tarjeta,1328.6,1380.6,2025-01-16
tarjeta,1330.55,1382.55,2025-01-17
tarjeta,1330.55,1382.55,2025-01-18
tarjeta,1330.55,1382.55,2025-01-19
tarjeta,1333.8,1385.8,2025-01-20
tarjeta,1334.45,1386.45,2025-01-21
tarjeta,1335.75,1387.75,2025-01-22
tarjeta,1336.4,1388.4,2025-01-23
tarjeta,1337.7,1389.7,2025-01-24
tarjeta,1337.7,1389.7,2025-01-25
tarjeta,1337.7,1389.7,2025-01-26
tarjeta,1339.0,1391.0,2025-01-27
tarjeta,1339.65,1391.65,2025-01-28
tarjeta,1340.95,1392.95,2025-01-29
tarjeta,1341.6,1393.6,2025-01-30
tarjeta,1343.55,1395.55,2025-01-31
tarjeta,1343.55,1395.55,2025-02-01
tarjeta,1343.55,1395.55,2025-02-02
tarjeta,1344.53,1396.53,2025-02-03
tarjeta,1344.85,1396.85,2025-02-04
tarjeta,1344.85,1396.85,2025-02-05
tarjeta,1345.17,1397.17,2025-02-06
tarjeta,1346.48,1398.48,2025-02-07
tarjeta,1346.48,1398.48,2025-02-08
tarjeta,1346.48,1398.48,2025-02-09
tarjeta,1346.8,1398.8,2025-02-10
tarjeta,1346.8,1398.8,2025-02-11
tarjeta,1347.13,1399.13,2025-02-12
tarjeta,1348.42,1400.42,2025-02-13
tarjeta,1349.4,1401.4,2025-02-14
tarjeta,1349.4,1401.4,2025-02-15
tarjeta,1349.4,1401.4,2025-02-16
tarjeta,1350.38,1402.38,2025-02-17
tarjeta,1350.7,1402.7,2025-02-18
tarjeta,1350.7,1402.7,2025-02-19
tarjeta,1351.03,1403.03,2025-02-20
tarjeta,1352.33,1404.33,2025-02-21
tarjeta,1352.33,1404.33,2025-02-22
tarjeta,1352.33,1404.33,2025-02-23
tarjeta,1352.65,1404.65,2025-02-24
tarjeta,1353.3,1405.3,2025-02-25
tarjeta,1353.63,1405.63,2025-02-26
tarjeta,1354.28,1406.28,2025-02-27
tarjeta,1357.53,1409.53,2025-02-28
tarjeta,1357.53,1409.53,2025-03-01
tarjeta,1357.53,1409.53,2025-03-02
tarjeta,1357.53,1409.53,2025-03-03
tarjeta,1357.53,1409.53,2025-03-04
tarjeta,1357.85,1409.85,2025-03-05
tarjeta,1357.85,1409.85,2025-03-06
tarjeta,1359.8,1411.8,2025-03-07
tarjeta,1359.8,1411.8,2025-03-08
tarjeta,1359.8,1411.8,2025-03-09
tarjeta,1360.13,1412.13,2025-03-10
tarjeta,1360.13,1412.13,2025-03-11
tarjeta,1360.13,1412.13,2025-03-12
tarjeta,1360.45,1412.45,2025-03-13
tarjeta,1362.4,1414.4,2025-03-14
tarjeta,1362.4,1414.4,2025-03-15
tarjeta,1362.4,1414.4,2025-03-16
tarjeta,1362.73,1414.73,2025-03-17
tarjeta,1363.05,1415.05,2025-03-18
tarjeta,1364.03,1416.03,2025-03-19
tarjeta,1364.35,1416.35,2025-03-20
tarjeta,1366.3,1418.3,2025-03-21
tarjeta,1366.3,1418.3,2025-03-22
tarjeta,1366.3,1418.3,2025-03-23
tarjeta,1366.3,1418.3,2025-03-24
tarjeta,1366.63,1418.63,2025-03-25
tarjeta,1366.95,1418.95,2025-03-26
tarjeta,1367.28,1419.28,2025-03-27
tarjeta,1368.9,1420.9,2025-03-28
tarjeta,1368.9,1420.9,2025-03-29
tarjeta,1368.9,1420.9,2025-03-30
tarjeta,1369.55,1421.55,2025-03-31
tarjeta,1370.53,1422.53,2025-04-01
tarjeta,1370.53,1422.53,2025-04-02
tarjeta,1370.85,1422.85,2025-04-03
tarjeta,1372.15,1424.15,2025-04-04
tarjeta,1372.15,1424.15,2025-04-05
tarjeta,1372.15,1424.15,2025-04-06
tarjeta,1372.48,1424.48,2025-04-07
tarjeta,1372.8,1424.8,2025-04-08
tarjeta,1347.45,1425.45,2025-04-09
tarjeta,1347.78,1425.78,2025-04-10
tarjeta,1348.75,1426.75,2025-04-11
tarjeta,1348.75,1426.75,2025-04-12
tarjeta,1348.75,1426.75,2025-04-13
tarjeta,1534.0,1599.0,2025-04-14
tarjeta,1534.0,1599.0,2025-04-15
tarjeta,1443.0,1508.0,2025-04-16
tarjeta,1443.0,1508.0,2025-04-17
tarjeta,1443.0,1508.0,2025-04-18
tarjeta,1443.0,1508.0,2025-04-19
tarjeta,1443.0,1508.0,2025-04-20
tarjeta,1378.0,1443.0,2025-04-21
tarjeta,1391.0,1456.0,2025-04-22
tarjeta,1456.0,1521.0,2025-04-23
tarjeta,1482.0,1547.0,2025-04-24
tarjeta,1482.0,1547.0,2025-04-25
tarjeta,1482.0,1547.0,2025-04-26
tarjeta,1482.0,1547.0,2025-04-27
tarjeta,1482.0,1547.0,2025-04-28
tarjeta,1469.0,1534.0,2025-04-29
tarjeta,1482.0,1547.0,2025-04-30
tarjeta,1482.0,1547.0,2025-05-01
tarjeta,1482.0,1547.0,2025-05-02
tarjeta,1482.0,1547.0,2025-05-03
tarjeta,1482.0,1547.0,2025-05-04
tarjeta,1508.0,1573.0,2025-05-05
tarjeta,1514.5,1579.5,2025-05-06
tarjeta,1417.0,1482.0,2025-05-07
tarjeta,1404.0,1469.0,2025-05-08
tarjeta,1430.0,1495.0,2025-05-09
tarjeta,1430.0,1495.0,2025-05-10
tarjeta,1430.0,1495.0,2025-05-11
tarjeta,1430.0,1495.0,2025-05-12
tarjeta,1430.0,1495.0,2025-05-13
tarjeta,1430.0,1495.0,2025-05-14
tarjeta,1430.0,1495.0,2025-05-15
tarjeta,1443.0,1508.0,2025-05-16
tarjeta,1443.0,1508.0,2025-05-17
tarjeta,1443.0,1508.0,2025-05-18
tarjeta,1436.5,1501.5,2025-05-19
tarjeta,1443.0,1508.0,2025-05-20
tarjeta,1443.0,1508.0,2025-05-21
tarjeta,1436.5,1501.5,2025-05-22
tarjeta,1430.0,1495.0,2025-05-23
tarjeta,1430.0,1495.0,2025-05-24
tarjeta,1430.0,1495.0,2025-05-25
tarjeta,1443.0,1508.0,2025-05-26
tarjeta,1456.0,1521.0,2025-05-27
tarjeta,1462.5,1527.5,2025-05-28
tarjeta,1488.5,1553.5,2025-05-29
tarjeta,1488.5,1553.5,2025-05-30
tarjeta,1488.5,1553.5,2025-05-31
tarjeta,1488.5,1553.5,2025-06-01
tarjeta,1495.0,1560.0,2025-06-02
tarjeta,1495.0,1560.0,2025-06-03
tarjeta,1495.0,1560.0,2025-06-04
tarjeta,1501.5,1566.5,2025-06-05
tarjeta,1495.0,1560.0,2025-06-06
tarjeta,1495.0,1560.0,2025-06-07
tarjeta,1495.0,1560.0,2025-06-08
tarjeta,1495.0,1560.0,2025-06-09
tarjeta,1495.0,1560.0,2025-06-10
tarjeta,1495.0,1560.0,2025-06-11
tarjeta,1495.0,1560.0,2025-06-12
tarjeta,1495.0,1560.0,2025-06-13
tarjeta,1495.0,1560.0,2025-06-14
tarjeta,1495.0,1560.0,2025-06-15
tarjeta,1495.0,1560.0,2025-06-16
tarjeta,1475.5,1540.5,2025-06-17
tarjeta,1443.0,1508.0,2025-06-18
tarjeta,1469.0,1534.0,2025-06-19
tarjeta,1469.0,1534.0,2025-06-20
tarjeta,1469.0,1534.0,2025-06-21
tarjeta,1469.0,1534.0,2025-06-22
tarjeta,1475.5,1540.5,2025-06-23
tarjeta,1488.5,1553.5,2025-06-24
tarjeta,1501.5,1566.5,2025-06-25
tarjeta,1501.5,1566.5,2025-06-26
tarjeta,1501.5,1566.5,2025-06-27
tarjeta,1501.5,1566.5,2025-06-28
tarjeta,1501.5,1566.5,2025-06-29
tarjeta,1514.5,1579.5,2025-06-30
tarjeta,1540.5,1605.5,2025-07-01
tarjeta,1553.5,1618.5,2025-07-02
tarjeta,1553.5,1618.5,2025-07-03
tarjeta,1573.0,1638.0,2025-07-04
tarjeta,1573.0,1638.0,2025-07-05
tarjeta,1573.0,1638.0,2025-07-06
tarjeta,1599.0,1664.0,2025-07-07
tarjeta,1592.5,1657.5,2025-07-08
tarjeta,1592.5,1657.5,2025-07-09
tarjeta,1592.5,1657.5,2025-07-10
tarjeta,1592.5,1657.5,2025-07-11
tarjeta,1592.5,1657.5,2025-07-12
tarjeta,1592.5,1657.5,2025-07-13
tarjeta,1618.5,1683.5,2025-07-14
tarjeta,1599.0,1664.0,2025-07-15
tarjeta,1592.5,1657.5,2025-07-16
tarjeta,1612.0,1677.0,2025-07-17
tarjeta,1625.0,1690.0,2025-07-18
tarjeta,1625.0,1690.0,2025-07-19
tarjeta,1625.0,1690.0,2025-07-20
tarjeta,1625.0,1690.0,2025-07-21
tarjeta,1592.5,1657.5,2025-07-22
tarjeta,1592.5,1657.5,2025-07-23
tarjeta,1605.5,1670.5,2025-07-24
tarjeta,1618.5,1683.5,2025-07-25
tarjeta,1618.5,1683.5,2025-07-26
tarjeta,1618.5,1683.5,2025-07-27
tarjeta,1631.5,1696.5,2025-07-28
tarjeta,1625.0,1690.0,2025-07-29
tarjeta,1657.5,1722.5,2025-07-30
tarjeta,1729.0,1794.0,2025-07-31
tarjeta,1722.5,1787.5,2025-08-01
tarjeta,1722.5,1787.5,2025-08-02
tarjeta,1722.5,1787.5,2025-08-03
tarjeta,1716.0,1781.0,2025-08-04
tarjeta,1690.0,1755.0,2025-08-05
tarjeta,1683.5,1748.5,2025-08-06
tarjeta,1677.0,1742.0,2025-08-07
tarjeta,1670.5,1735.5,2025-08-08
tarjeta,1670.5,1735.5,2025-08-09
tarjeta,1670.5,1735.5,2025-08-10
tarjeta,1683.5,1735.5,2025-08-11
tarjeta,1677.0,1729.0,2025-08-12
tarjeta,1670.5,1722.5,2025-08-13
tarjeta,1651.0,1703.0,2025-08-14
tarjeta,1651.0,1703.0,2025-08-15
tarjeta,1651.0,1703.0,2025-08-16
tarjeta,1651.0,1703.0,2025-08-17
tarjeta,1657.5,1709.5,2025-08-18
tarjeta,1651.0,1703.0,2025-08-19
tarjeta,1657.5,1709.5,2025-08-20
tarjeta,1670.5,1722.5,2025-08-21
tarjeta,1683.5,1735.5,2025-08-22
tarjeta,1683.5,1735.5,2025-08-23
tarjeta,1683.5,1735.5,2025-08-24
tarjeta,1729.0,1781.0,2025-08-25
tarjeta,1729.0,1781.0,2025-08-26
tarjeta,1716.0,1768.0,2025-08-27
tarjeta,1696.5,1748.5,2025-08-28
tarjeta,1716.0,1768.0,2025-08-29
tarjeta,1716.0,1768.0,2025-08-30
tarjeta,1716.0,1768.0,2025-08-31
tarjeta,1748.5,1800.5,2025-09-01
tarjeta,1735.5,1787.5,2025-09-02
tarjeta,1735.5,1787.5,2025-09-03
tarjeta,1735.5,1787.5,2025-09-04
tarjeta,1742.0,1794.0,2025-09-05
tarjeta,1742.0,1794.0,2025-09-06
tarjeta,1742.0,1794.0,2025-09-07
tarjeta,1774.5,1852.5,2025-09-08
tarjeta,1787.5,1852.5,2025-09-09
tarjeta,1800.5,1865.5,2025-09-10
tarjeta,1813.5,1878.5,2025-09-11
tarjeta,1839.5,1904.5,2025-09-12
tarjeta,1839.5,1904.5,2025-09-13
tarjeta,1839.5,1904.5,2025-09-14
tarjeta,1852.5,1917.5,2025-09-15
tarjeta,1859.0,1924.0,2025-09-16
tarjeta,1865.5,1930.5,2025-09-17
tarjeta,1878.5,1943.5,2025-09-18
tarjeta,1904.5,1969.5,2025-09-19
tarjeta,1904.5,1969.5,2025-09-20
tarjeta,1904.5,1969.5,2025-09-21
tarjeta,1794.0,1859.0,2025-09-22
tarjeta,1735.5,1800.5,2025-09-23
tarjeta,1703.0,1768.0,2025-09-24
tarjeta,1696.5,1761.5,2025-09-25
tarjeta,1690.0,1755.0,2025-09-26
tarjeta,1690.0,1755.0,2025-09-27
tarjeta,1690.0,1755.0,2025-09-28
tarjeta,1729.0,1794.0,2025-09-29
tarjeta,1755.0,1820.0,2025-09-30
tarjeta,1820.0,1885.0,2025-10-01
tarjeta,1820.0,1885.0,2025-10-02
tarjeta,1820.0,1885.0,2025-10-03
tarjeta,1820.0,1885.0,2025-10-04
tarjeta,1820.0,1885.0,2025-10-05
tarjeta,1826.5,1891.5,2025-10-06
tarjeta,1826.5,1891.5,2025-10-07
tarjeta,1826.5,1891.5,2025-10-08
tarjeta,1820.0,1885.0,2025-10-09
tarjeta,1820.0,1885.0,2025-10-10
tarjeta,1820.0,1885.0,2025-10-11
tarjeta,1820.0,1885.0,2025-10-12
tarjeta,1722.5,1787.5,2025-10-13
tarjeta,1735.5,1800.5,2025-10-14
tarjeta,1761.5,1826.5,2025-10-15
tarjeta,1794.0,1859.0,2025-10-16
tarjeta,1852.5,1917.5,2025-10-17
tarjeta,1852.5,1917.5,2025-10-18
tarjeta,1852.5,1917.5,2025-10-19
tarjeta,1878.5,1943.5,2025-10-20
tarjeta,1904.5,1969.5,2025-10-21
tarjeta,1904.5,1969.5,2025-10-22
tarjeta,1891.5,1956.5,2025-10-23
tarjeta,1904.5,1969.5,2025-10-24
tarjeta,1904.5,1969.5,2025-10-25
tarjeta,1904.5,1969.5,2025-10-26
tarjeta,1833.0,1898.0,2025-10-27
tarjeta,1878.5,1943.5,2025-10-28
tarjeta,1833.0,1898.0,2025-10-29
tarjeta,1839.5,1904.5,2025-10-30
tarjeta,1852.5,1917.5,2025-10-31
tarjeta,1852.5,1917.5,2025-11-01
tarjeta,1852.5,1917.5,2025-11-02
tarjeta,1885.0,1950.0,2025-11-03
tarjeta,1865.5,1930.5,2025-11-04
tarjeta,1852.5,1917.5,2025-11-05
tarjeta,1852.5,1917.5,2025-11-06
tarjeta,1813.5,1878.5,2025-11-07
tarjeta,1813.5,1878.5,2025-11-08
tarjeta,1813.5,1878.5,2025-11-09
tarjeta,1813.5,1878.5,2025-11-10
tarjeta,1807.0,1872.0,2025-11-11
tarjeta,1800.5,1865.5,2025-11-12
tarjeta,1794.0,1859.0,2025-11-13
tarjeta,1787.5,1852.5,2025-11-14
tarjeta,1787.5,1852.5,2025-11-15
tarjeta,1787.5,1852.5,2025-11-16
tarjeta,1774.5,1839.5,2025-11-17
tarjeta,1787.5,1852.5,2025-11-18
tarjeta,1794.0,1859.0,2025-11-19
tarjeta,1820.0,1885.0,2025-11-20
tarjeta,1820.0,1885.0,2025-11-21
tarjeta,1820.0,1885.0,2025-11-22
tarjeta,1820.0,1885.0,2025-11-23
tarjeta,1820.0,1885.0,2025-11-24
tarjeta,1846.0,1911.0,2025-11-25
tarjeta,1852.5,1917.5,2025-11-26
tarjeta,1852.5,1917.5,2025-11-27
tarjeta,1852.5,1917.5,2025-11-28
tarjeta,1852.5,1917.5,2025-11-29
tarjeta,1852.5,1917.5,2025-11-30
tarjeta,1852.5,1917.5,2025-12-01
tarjeta,1859.0,1924.0,2025-12-02
tarjeta,1859.0,1924.0,2025-12-03
tarjeta,1846.0,1911.0,2025-12-04
tarjeta,1833.0,1898.0,2025-12-05
tarjeta,1833.0,1898.0,2025-12-06
tarjeta,1833.0,1898.0,2025-12-07
tarjeta,1833.0,1898.0,2025-12-08
tarjeta,1839.5,1904.5,2025-12-09
tarjeta,1833.0,1898.0,2025-12-10
tarjeta,1833.0,1898.0,2025-12-11
tarjeta,1839.5,1904.5,2025-12-12
tarjeta,1839.5,1904.5,2025-12-13
tarjeta,1839.5,1904.5,2025-12-14
tarjeta,1839.5,1904.5,2025-12-15
tarjeta,1859.0,1924.0,2025-12-16
tarjeta,1852.5,1917.5,2025-12-17
tarjeta,1852.5,1917.5,2025-12-18
tarjeta,1852.5,1917.5,2025-12-19
tarjeta,1852.5,1917.5,2025-12-20
tarjeta,1852.5,1917.5,2025-12-21
tarjeta,1852.5,1917.5,2025-12-22
tarjeta,1852.5,1917.5,2025-12-23
tarjeta,1852.5,1917.5,2025-12-24
tarjeta,1852.5,1917.5,2025-12-25
tarjeta,1852.5,1917.5,2025-12-26
tarjeta,1852.5,1917.5,2025-12-27
tarjeta,1852.5,1917.5,2025-12-28
tarjeta,1852.5,1917.5,2025-12-29
tarjeta,1859.0,1924.0,2025-12-30
tarjeta,1859.0,1924.0,2025-12-31
tarjeta,1859.0,1924.0,2026-01-01
tarjeta,1878.5,1943.5,2026-01-02
tarjeta,1878.5,1943.5,2026-01-03
tarjeta,1878.5,1943.5,2026-01-04
tarjeta,1878.5,1943.5,2026-01-05
tarjeta,1872.0,1937.0,2026-01-06
tarjeta,1865.5,1930.5,2026-01-07
tarjeta,1865.5,1930.5,2026-01-08
tarjeta,1872.0,1937.0,2026-01-09
tarjeta,1872.0,1937.0,2026-01-10
tarjeta,1872.0,1937.0,2026-01-11
tarjeta,1872.0,1937.0,2026-01-12
tarjeta,1865.5,1930.5,2026-01-13
tarjeta,1859.0,1924.0,2026-01-14
tarjeta,1846.0,1911.0,2026-01-15
tarjeta,1826.5,1891.5,2026-01-16
tarjeta,1826.5,1891.5,2026-01-17
tarjeta,1826.5,1891.5,2026-01-18
tarjeta,1833.0,1898.0,2026-01-19
tarjeta,1833.0,1898.0,2026-01-20
tarjeta,1826.5,1891.5,2026-01-21
tarjeta,1820.0,1885.0,2026-01-22
tarjeta,1826.5,1891.5,2026-01-23
tarjeta,1826.5,1891.5,2026-01-24
tarjeta,1826.5,1891.5,2026-01-25
tarjeta,1833.0,1898.0,2026-01-26
tarjeta,1839.5,1904.5,2026-01-27
tarjeta,1839.5,1904.5,2026-01-28
tarjeta,1839.5,1904.5,2026-01-29
tarjeta,1839.5,1904.5,2026-01-30
tarjeta,1839.5,1904.5,2026-01-31
tarjeta,1839.5,1904.5,2026-02-01
tarjeta,1839.5,1904.5,2026-02-03
tarjeta,1839.5,1904.5,2026-02-04
tarjeta,1833.0,1898.0,2026-02-05
tarjeta,1820.0,1885.0,2026-02-06
tarjeta,1820.0,1885.0,2026-02-07
tarjeta,1820.0,1885.0,2026-02-08
tarjeta,1807.0,1872.0,2026-02-09
tarjeta,1787.5,1852.5,2026-02-10
tarjeta,1781.0,1846.0,2026-02-11
tarjeta,1774.5,1839.5,2026-02-12
tarjeta,1781.0,1846.0,2026-02-13
tarjeta,1781.0,1846.0,2026-02-14
tarjeta,1781.0,1846.0,2026-02-15
tarjeta,1781.0,1846.0,2026-02-16
tarjeta,1781.0,1846.0,2026-02-17
tarjeta,1781.0,1846.0,2026-02-18
tarjeta,1768.0,1833.0,2026-02-19
tarjeta,1748.5,1813.5,2026-02-20
tarjeta,1748.5,1813.5,2026-02-21
tarjeta,1748.5,1813.5,2026-02-22
tarjeta,1742.0,1807.0,2026-02-23
tarjeta,1755.0,1820.0,2026-02-24
tarjeta,1774.5,1839.5,2026-02-25
tarjeta,1787.5,1852.5,2026-02-26
tarjeta,1781.0,1846.0,2026-02-27
tarjeta,1781.0,1846.0,2026-02-28
tarjeta,1781.0,1846.0,2026-03-01
tarjeta,1774.5,1839.5,2026-03-02
tarjeta,1800.5,1865.5,2026-03-03
tarjeta,1781.0,1846.0,2026-03-04
tarjeta,1787.5,1852.5,2026-03-05
tarjeta,1800.5,1865.5,2026-03-06
tarjeta,1800.5,1865.5,2026-03-07
tarjeta,1800.5,1865.5,2026-03-08
tarjeta,1800.5,1865.5,2026-03-09
tarjeta,1781.0,1846.0,2026-03-10
tarjeta,1774.5,1839.5,2026-03-11
tarjeta,1774.5,1839.5,2026-03-12
tarjeta,1781.0,1846.0,2026-03-13
tarjeta,1781.0,1846.0,2026-03-14
tarjeta,1781.0,1846.0,2026-03-15
tarjeta,1774.5,1839.5,2026-03-16
tarjeta,1774.5,1839.5,2026-03-17
tarjeta,1774.5,1839.5,2026-03-18
tarjeta,1774.5,1839.5,2026-03-19
tarjeta,1768.0,1833.0,2026-03-20
tarjeta,1768.0,1833.0,2026-03-21
tarjeta,1768.0,1833.0,2026-03-22
tarjeta,1768.0,1833.0,2026-03-23
tarjeta,1768.0,1833.0,2026-03-24
tarjeta,1755.0,1820.0,2026-03-25
tarjeta,1742.0,1807.0,2026-03-26
tarjeta,1761.5,1826.5,2026-03-27
tarjeta,1761.5,1826.5,2026-03-28
tarjeta,1761.5,1826.5,2026-03-29
tarjeta,1781.0,1846.0,2026-03-30
tarjeta,1761.5,1826.5,2026-03-31
tarjeta,1774.5,1839.5,2026-04-01
tarjeta,1774.5,1839.5,2026-04-02
tarjeta,1774.5,1839.5,2026-04-03
tarjeta,1774.5,1839.5,2026-04-04
tarjeta,1774.5,1839.5,2026-04-05
tarjeta,1774.5,1839.5,2026-04-06
tarjeta,1774.5,1839.5,2026-04-07
tarjeta,1768.0,1833.0,2026-04-08
tarjeta,1761.5,1826.5,2026-04-09
tarjeta,1748.5,1813.5,2026-04-10
tarjeta,1748.5,1813.5,2026-04-11
tarjeta,1748.5,1813.5,2026-04-12
tarjeta,1735.5,1800.5,2026-04-13
tarjeta,1735.5,1800.5,2026-04-14
tarjeta,1735.5,1800.5,2026-04-15
tarjeta,1729.0,1794.0,2026-04-16
tarjeta,1742.0,1807.0,2026-04-17
tarjeta,1742.0,1807.0,2026-04-18
tarjeta,1742.0,1807.0,2026-04-19
tarjeta,1755.0,1820.0,2026-04-20
tarjeta,1755.0,1820.0,2026-04-21
tarjeta,1755.0,1820.0,2026-04-22
tarjeta,1774.5,1839.5,2026-04-23
tarjeta,1781.0,1846.0,2026-04-24
tarjeta,1781.0,1846.0,2026-04-25
tarjeta,1781.0,1846.0,2026-04-26
tarjeta,1807.0,1872.0,2026-04-27
tarjeta,1794.0,1859.0,2026-04-28
